{"stats":{"minecraft:picked_up":{"minecraft:stick":2,"minecraft:salmon":2,"croptopia:roe":2},"minecraft:killed":{"minecraft:salmon":1},"minecraft:used":{"minecraft:sponge":24,"minecraft:stone":479,"minecraft:grass_block":5084},"minecraft:custom":{"minecraft:jump":236,"minecraft:time_since_rest":69112,"minecraft:damage_dealt":50,"minecraft:play_one_minute":69112,"minecraft:crouch_one_cm":3,"minecraft:leave_game":2,"minecraft:sprint_one_cm":307,"minecraft:time_since_death":69112,"minecraft:walk_on_water_one_cm":8332,"minecraft:walk_one_cm":215771,"minecraft:sneak_time":916,"minecraft:walk_under_water_one_cm":60043,"minecraft:mob_kills":2,"minecraft:fly_one_cm":94343}},"DataVersion":2586}