{"stats":{"minecraft:picked_up":{"minecraft:stick":4,"minecraft:apple":1,"minecraft:salmon":2,"croptopia:roe":2,"alexsmobs:raccoon_tail":1,"minecraft:gunpowder":1,"minecraft:oak_sapling":9,"minecraft:birch_sapling":1},"minecraft:used":{"minecraft:grass_block":8346,"minecraft:sponge":24,"minecraft:stone":479,"minecraft:granite":141},"minecraft:custom":{"minecraft:time_since_rest":138406,"minecraft:crouch_one_cm":105,"minecraft:play_one_minute":138406,"minecraft:sprint_one_cm":5794,"minecraft:walk_one_cm":447407,"minecraft:sneak_time":2168,"minecraft:walk_under_water_one_cm":60043,"minecraft:mob_kills":2,"minecraft:jump":476,"minecraft:damage_dealt":110,"minecraft:leave_game":3,"minecraft:walk_on_water_one_cm":8332,"minecraft:time_since_death":138406,"minecraft:fly_one_cm":261620},"minecraft:killed":{"minecraft:salmon":1}},"DataVersion":2586}