{"stats":{"minecraft:custom":{"minecraft:jump":120,"minecraft:time_since_rest":41666,"minecraft:crouch_one_cm":3,"minecraft:play_one_minute":41666,"minecraft:sprint_one_cm":307,"minecraft:walk_on_water_one_cm":7311,"minecraft:time_since_death":41666,"minecraft:walk_one_cm":77498,"minecraft:sneak_time":761,"minecraft:walk_under_water_one_cm":29476,"minecraft:fly_one_cm":83520},"minecraft:used":{"minecraft:sponge":24,"minecraft:stone":479,"minecraft:grass_block":1973},"minecraft:picked_up":{"minecraft:stick":2}},"DataVersion":2586}