{"stats":{"minecraft:custom":{"minecraft:jump":72,"minecraft:time_since_rest":29666,"minecraft:crouch_one_cm":3,"minecraft:play_one_minute":29666,"minecraft:sprint_one_cm":307,"minecraft:walk_on_water_one_cm":2680,"minecraft:time_since_death":29666,"minecraft:walk_one_cm":50002,"minecraft:sneak_time":631,"minecraft:walk_under_water_one_cm":3043,"minecraft:fly_one_cm":73137},"minecraft:used":{"minecraft:stone":479,"minecraft:grass_block":1212},"minecraft:picked_up":{"minecraft:stick":2}},"DataVersion":2586}