{"stats":{"minecraft:picked_up":{"minecraft:stick":4,"minecraft:salmon":2,"alexsmobs:raccoon_tail":1,"minecraft:gunpowder":1,"minecraft:oak_sapling":4,"croptopia:roe":2,"minecraft:birch_sapling":1},"minecraft:killed":{"minecraft:salmon":1},"minecraft:used":{"minecraft:grass_block":8198,"minecraft:sponge":24,"minecraft:stone":479},"minecraft:custom":{"minecraft:time_since_rest":117112,"minecraft:crouch_one_cm":68,"minecraft:play_one_minute":117112,"minecraft:sprint_one_cm":1472,"minecraft:walk_one_cm":404445,"minecraft:sneak_time":1780,"minecraft:walk_under_water_one_cm":60043,"minecraft:mob_kills":2,"minecraft:jump":435,"minecraft:damage_dealt":110,"minecraft:leave_game":2,"minecraft:walk_on_water_one_cm":8332,"minecraft:time_since_death":117112,"minecraft:fly_one_cm":213466}},"DataVersion":2586}