{"stats":{"minecraft:picked_up":{"minecraft:stick":2,"minecraft:salmon":2,"croptopia:roe":2},"minecraft:killed":{"minecraft:salmon":1},"minecraft:used":{"minecraft:sponge":24,"minecraft:stone":479,"minecraft:grass_block":6677},"minecraft:custom":{"minecraft:jump":290,"minecraft:time_since_rest":81112,"minecraft:damage_dealt":100,"minecraft:play_one_minute":81112,"minecraft:crouch_one_cm":3,"minecraft:leave_game":2,"minecraft:sprint_one_cm":307,"minecraft:time_since_death":81112,"minecraft:walk_on_water_one_cm":8332,"minecraft:walk_one_cm":303131,"minecraft:sneak_time":1019,"minecraft:walk_under_water_one_cm":60043,"minecraft:mob_kills":2,"minecraft:fly_one_cm":95048}},"DataVersion":2586}